model,feature,coefficient
LinearRegression,numeric__person_age,-0.026012792699710543
LinearRegression,numeric__person_income,-0.010602004289246292
LinearRegression,numeric__person_emp_length,-0.0062101260913142485
LinearRegression,numeric__loan_amnt,0.06231561150995025
LinearRegression,numeric__loan_percent_income,-0.03412229903364873
LinearRegression,numeric__cb_person_cred_hist_length,0.03301469044193172
LinearRegression,category__person_home_ownership_OTHER,0.37781162817910435
LinearRegression,category__person_home_ownership_OWN,0.13333189737328846
LinearRegression,category__person_home_ownership_RENT,0.10176302517077068
LinearRegression,category__loan_intent_EDUCATION,-0.015537538169655517
LinearRegression,category__loan_intent_HOMEIMPROVEMENT,-0.03075175958732702
LinearRegression,category__loan_intent_MEDICAL,0.011035959337001362
LinearRegression,category__loan_intent_PERSONAL,0.0016380089216851868
LinearRegression,category__loan_intent_VENTURE,0.0028434737170095438
LinearRegression,category__loan_grade_B,3.635664615658767
LinearRegression,category__loan_grade_C,6.09264215743213
LinearRegression,category__loan_grade_D,7.98276861183676
LinearRegression,category__loan_grade_E,9.633439451760173
LinearRegression,category__loan_grade_F,11.2031022733542
LinearRegression,category__loan_grade_G,12.83396261577251
LinearRegression,category__cb_person_default_on_file_Y,-0.0071148338578469
LASSO,numeric__person_age,-0.02551047277642249
LASSO,numeric__person_income,-0.010389411257032754
LASSO,numeric__person_emp_length,-0.006264661959037502
LASSO,numeric__loan_amnt,0.062198778937470355
LASSO,numeric__loan_percent_income,-0.03350719571453823
LASSO,numeric__cb_person_cred_hist_length,0.03251928922895355
LASSO,category__person_home_ownership_OTHER,0.3468180051986343
LASSO,category__person_home_ownership_OWN,0.13139925929109023
LASSO,category__person_home_ownership_RENT,0.10109792004106055
LASSO,category__loan_intent_EDUCATION,-0.015560598782971141
LASSO,category__loan_intent_HOMEIMPROVEMENT,-0.030236519652862292
LASSO,category__loan_intent_MEDICAL,0.010057422188956352
LASSO,category__loan_intent_PERSONAL,0.0005191498170785417
LASSO,category__loan_intent_VENTURE,0.0018842902216316742
LASSO,category__loan_grade_B,3.633488119871579
LASSO,category__loan_grade_C,6.088254600650097
LASSO,category__loan_grade_D,7.9779183650892005
LASSO,category__loan_grade_E,9.626357271640767
LASSO,category__loan_grade_F,11.185806031214794
LASSO,category__loan_grade_G,12.780824538070613
LASSO,category__cb_person_default_on_file_Y,-0.0030630502354612233
Ridge,numeric__person_age,-0.026022565054081296
Ridge,numeric__person_income,-0.010640475034954511
Ridge,numeric__person_emp_length,-0.006232709479152947
Ridge,numeric__loan_amnt,0.06254222891715948
Ridge,numeric__loan_percent_income,-0.034138853765901464
Ridge,numeric__cb_person_cred_hist_length,0.03304045596264726
Ridge,category__person_home_ownership_OTHER,0.3773980672388033
Ridge,category__person_home_ownership_OWN,0.13338615078408064
Ridge,category__person_home_ownership_RENT,0.10191679047637782
Ridge,category__loan_intent_EDUCATION,-0.015546593235904358
Ridge,category__loan_intent_HOMEIMPROVEMENT,-0.030674294541511774
Ridge,category__loan_intent_MEDICAL,0.0110729609846195
Ridge,category__loan_intent_PERSONAL,0.0016250642051918165
Ridge,category__loan_intent_VENTURE,0.002840966862987155
Ridge,category__loan_grade_B,3.634851603270886
Ridge,category__loan_grade_C,6.091171882152696
Ridge,category__loan_grade_D,7.981052258354852
Ridge,category__loan_grade_E,9.630652276689032
Ridge,category__loan_grade_F,11.195063497407718
Ridge,category__loan_grade_G,12.805037258848495
Ridge,category__cb_person_default_on_file_Y,-0.005928713715455061
