method,parameters,clusters,coverage,silhouette,selection_score
KMeans,"{""n_clusters"": 2}",2,1.0,0.19951888476403526,0.19951888476403526
KMeans,"{""n_clusters"": 3}",3,1.0,0.14897879703616046,0.14897879703616046
KMeans,"{""n_clusters"": 4}",4,1.0,0.14669606281157466,0.14669606281157466
KMeans,"{""n_clusters"": 5}",5,1.0,0.1443960342818272,0.1443960342818272
KMeans,"{""n_clusters"": 6}",6,1.0,0.14962264567158215,0.14962264567158215
KMeans,"{""n_clusters"": 7}",7,1.0,0.12933045527559772,0.12933045527559772
KMeans,"{""n_clusters"": 8}",8,1.0,0.1292142730871756,0.1292142730871756
DBSCAN,"{""eps"": 0.8, ""min_samples"": 3}",142,0.34,0.22702931825765604,
DBSCAN,"{""eps"": 0.8, ""min_samples"": 5}",47,0.2015,0.2730080371300355,
DBSCAN,"{""eps"": 0.8, ""min_samples"": 10}",14,0.07375,0.4009598869924047,
DBSCAN,"{""eps"": 0.8, ""min_samples"": 25}",0,0.0,,
DBSCAN,"{""eps"": 1.0, ""min_samples"": 3}",137,0.52175,0.1273791768283905,-0.35087082317160945
DBSCAN,"{""eps"": 1.0, ""min_samples"": 5}",64,0.4025,0.17089502954154273,
DBSCAN,"{""eps"": 1.0, ""min_samples"": 10}",24,0.226,0.2460134577573928,
DBSCAN,"{""eps"": 1.0, ""min_samples"": 25}",3,0.031,0.40326329100803143,
DBSCAN,"{""eps"": 1.2, ""min_samples"": 3}",143,0.654,0.09078228334657738,-0.2552177166534226
DBSCAN,"{""eps"": 1.2, ""min_samples"": 5}",62,0.5335,0.13127043240534048,-0.33522956759465955
DBSCAN,"{""eps"": 1.2, ""min_samples"": 10}",33,0.39275,0.17513598096345467,
DBSCAN,"{""eps"": 1.2, ""min_samples"": 25}",14,0.1765,0.27683298477998297,
DBSCAN,"{""eps"": 1.4, ""min_samples"": 3}",147,0.7565,0.014552511946962473,-0.22894748805303758
DBSCAN,"{""eps"": 1.4, ""min_samples"": 5}",76,0.6475,0.08937685202557578,-0.26312314797442427
DBSCAN,"{""eps"": 1.4, ""min_samples"": 10}",38,0.5095,0.1455075429152202,-0.3449924570847799
DBSCAN,"{""eps"": 1.4, ""min_samples"": 25}",17,0.28775,0.20151068433879926,
DBSCAN,"{""eps"": 1.6, ""min_samples"": 3}",17,0.85775,-0.13837584031480973,-0.28062584031480975
DBSCAN,"{""eps"": 1.6, ""min_samples"": 5}",9,0.8105,-0.09723289782344056,-0.2867328978234406
DBSCAN,"{""eps"": 1.6, ""min_samples"": 10}",1,0.706,,
DBSCAN,"{""eps"": 1.6, ""min_samples"": 25}",1,0.5335,,
DBSCAN,"{""eps"": 1.8, ""min_samples"": 3}",9,0.9275,-0.009604037703862601,-0.08210403770386261
DBSCAN,"{""eps"": 1.8, ""min_samples"": 5}",1,0.90725,,
DBSCAN,"{""eps"": 1.8, ""min_samples"": 10}",1,0.86425,,
DBSCAN,"{""eps"": 1.8, ""min_samples"": 25}",1,0.759,,
DBSCAN,"{""eps"": 2.0, ""min_samples"": 3}",4,0.95625,0.15666055264703072,0.11291055264703076
DBSCAN,"{""eps"": 2.0, ""min_samples"": 5}",1,0.9455,,
DBSCAN,"{""eps"": 2.0, ""min_samples"": 10}",1,0.92575,,
DBSCAN,"{""eps"": 2.0, ""min_samples"": 25}",1,0.87375,,
DBSCAN,"{""eps"": 2.5, ""min_samples"": 3}",6,0.9875,0.3139165896248613,0.30141658962486134
DBSCAN,"{""eps"": 2.5, ""min_samples"": 5}",1,0.982,,
DBSCAN,"{""eps"": 2.5, ""min_samples"": 10}",1,0.9805,,
DBSCAN,"{""eps"": 2.5, ""min_samples"": 25}",1,0.97475,,
DBSCAN,"{""eps"": 3.0, ""min_samples"": 3}",2,0.9955,0.49827936821028523,0.4937793682102853
DBSCAN,"{""eps"": 3.0, ""min_samples"": 5}",1,0.994,,
DBSCAN,"{""eps"": 3.0, ""min_samples"": 10}",1,0.9905,,
DBSCAN,"{""eps"": 3.0, ""min_samples"": 25}",1,0.9885,,
Hierarchical,"{""n_clusters"": 2, ""linkage"": ""ward""}",2,1.0,0.21588009736281705,0.21588009736281705
Hierarchical,"{""n_clusters"": 2, ""linkage"": ""average""}",2,1.0,,
Hierarchical,"{""n_clusters"": 3, ""linkage"": ""ward""}",3,1.0,0.21588009736281705,0.21588009736281705
Hierarchical,"{""n_clusters"": 3, ""linkage"": ""average""}",3,1.0,0.5162407801090124,0.5162407801090124
Hierarchical,"{""n_clusters"": 4, ""linkage"": ""ward""}",4,1.0,0.1267227412088591,0.1267227412088591
Hierarchical,"{""n_clusters"": 4, ""linkage"": ""average""}",4,1.0,0.3748079650178444,0.3748079650178444
Hierarchical,"{""n_clusters"": 5, ""linkage"": ""ward""}",5,1.0,0.09128599582251709,0.09128599582251709
Hierarchical,"{""n_clusters"": 5, ""linkage"": ""average""}",5,1.0,0.37198307721059715,0.37198307721059715
Hierarchical,"{""n_clusters"": 6, ""linkage"": ""ward""}",6,1.0,0.10943394187221997,0.10943394187221997
Hierarchical,"{""n_clusters"": 6, ""linkage"": ""average""}",6,1.0,0.33890376525851235,0.33890376525851235
Hierarchical,"{""n_clusters"": 7, ""linkage"": ""ward""}",7,1.0,0.09372085815177239,0.09372085815177239
Hierarchical,"{""n_clusters"": 7, ""linkage"": ""average""}",7,1.0,0.3288364851932587,0.3288364851932587
Hierarchical,"{""n_clusters"": 8, ""linkage"": ""ward""}",8,1.0,0.10296668426539103,0.10296668426539103
Hierarchical,"{""n_clusters"": 8, ""linkage"": ""average""}",8,1.0,0.3288364851932587,0.3288364851932587
