mean_fit_time,std_fit_time,mean_score_time,std_score_time,param_model__class_weight,param_model__max_depth,param_model__min_samples_leaf,params,split0_test_score,split1_test_score,split2_test_score,mean_test_score,std_test_score,rank_test_score
0.03667473793029785,0.0011250046031504985,0.011299451192220053,0.0026357387919223136,,4,5,"{'model__class_weight': None, 'model__max_depth': 4, 'model__min_samples_leaf': 5}",0.7085923217550274,0.7233259749816041,0.7333333333333333,0.7217505433566549,0.010161722363298261,13
0.03871957461039225,0.006055677943679571,0.012812376022338867,0.002212348068063455,,4,20,"{'model__class_weight': None, 'model__max_depth': 4, 'model__min_samples_leaf': 20}",0.7085923217550274,0.7233259749816041,0.7333333333333333,0.7217505433566549,0.010161722363298261,13
0.0592805544535319,0.005531729561539381,0.012923876444498697,0.0029615608842545973,,8,5,"{'model__class_weight': None, 'model__max_depth': 8, 'model__min_samples_leaf': 5}",0.8078817733990148,0.7971681415929204,0.8038041563930962,0.8029513571283439,0.0044151954700867,1
0.057310899098714195,0.0037966446901980667,0.014388958613077799,0.0007379848125703243,,8,20,"{'model__class_weight': None, 'model__max_depth': 8, 'model__min_samples_leaf': 20}",0.8036465638148668,0.7902542372881356,0.7905358385525401,0.7948122132185141,0.006247886984812574,5
0.07352336247762044,0.007632787978796831,0.013304551442464193,0.001033054421002465,,12,5,"{'model__class_weight': None, 'model__max_depth': 12, 'model__min_samples_leaf': 5}",0.8020338983050848,0.7950566426364573,0.7929034459228932,0.796664662288145,0.0038970574861919914,4
0.0818026860555013,0.010194991248134787,0.015707890192667644,0.0004840011600546492,,12,20,"{'model__class_weight': None, 'model__max_depth': 12, 'model__min_samples_leaf': 20}",0.81353591160221,0.79375,0.7930313588850174,0.8001057568290757,0.009501084295517359,2
0.09670424461364746,0.0024875096289454306,0.0152891476949056,0.001317980411560588,,,5,"{'model__class_weight': None, 'model__max_depth': None, 'model__min_samples_leaf': 5}",0.7696646819178941,0.7655748233782916,0.7586425626387567,0.764627355978314,0.004549362534568093,8
0.07207854588826497,0.005272794655988485,0.014272451400756836,0.0037247627927507396,,,20,"{'model__class_weight': None, 'model__max_depth': None, 'model__min_samples_leaf': 20}",0.8143547273982057,0.79375,0.7901662049861495,0.7994236441281184,0.01065876266705898,3
0.04000314076741537,0.009328820731576842,0.011853774388631185,0.0018461207502922584,balanced,4,5,"{'model__class_weight': 'balanced', 'model__max_depth': 4, 'model__min_samples_leaf': 5}",0.74366893143916,0.731575793888556,0.7439137134052388,0.7397194795776517,0.0057593224141279575,11
0.04809888203938802,0.003813546033501689,0.017669041951497395,0.0011757832999932168,balanced,4,20,"{'model__class_weight': 'balanced', 'model__max_depth': 4, 'model__min_samples_leaf': 20}",0.7431930693069307,0.731575793888556,0.7439137134052388,0.7395608588669086,0.00565395313095128,12
0.06584898630777995,0.0032941008415736483,0.014527082443237305,0.001990234682528966,balanced,8,5,"{'model__class_weight': 'balanced', 'model__max_depth': 8, 'model__min_samples_leaf': 5}",0.7896774193548387,0.784651008931525,0.7907599598259123,0.7883627960374252,0.0026615779915336213,6
0.06724715232849121,0.0062219320354815425,0.014672199885050455,0.0023417677090133253,balanced,8,20,"{'model__class_weight': 'balanced', 'model__max_depth': 8, 'model__min_samples_leaf': 20}",0.784301212507977,0.776686313032089,0.779016393442623,0.7800013063275629,0.0031858241790951075,7
0.07889278729756673,0.0004913740526783564,0.013860861460367838,0.0025028083078277646,balanced,12,5,"{'model__class_weight': 'balanced', 'model__max_depth': 12, 'model__min_samples_leaf': 5}",0.7704517704517705,0.750373692077728,0.759486106961458,0.7601038564969856,0.008208471991994279,9
0.07614946365356445,0.0024493537938313614,0.015084981918334961,0.0008958462125146251,balanced,12,20,"{'model__class_weight': 'balanced', 'model__max_depth': 12, 'model__min_samples_leaf': 20}",0.7562628941939287,0.736046511627907,0.7496322447778758,0.7473138835332372,0.008414536238336526,10
0.09801467259724934,0.002956089280888217,0.015220244725545248,0.0007975217372975191,balanced,,5,"{'model__class_weight': 'balanced', 'model__max_depth': None, 'model__min_samples_leaf': 5}",0.7237886668491651,0.7039473684210527,0.7099050203527816,0.7125470185409998,0.008312817278085912,15
0.07691168785095215,0.008882669502911824,0.01206509272257487,0.002721665479365373,balanced,,20,"{'model__class_weight': 'balanced', 'model__max_depth': None, 'model__min_samples_leaf': 20}",0.7034190299496422,0.6988082340195017,0.7124557100027256,0.7048943246572899,0.005668378429732093,16
